employee_name,employee_id,department,statenew,salary,age,bonus
Nitz Leif,1000,Marketing,CA,6131,26,543
Melissia Dedman,1001,Finance,AK,4027,43,1290
Rudolph Barringer,1002,HR,LA,3122,43,1445
Tamra Amber,1003,Accounts,AK,5717,47,1291
Mullan Nitz,1004,Purchasing,CA,5685,34,1394
Zollner Karie,1005,Accounts,CA,2843,27,1078
Kaczorowski Zollner,1006,Sales,CA,7201,21,1834
Nakano Locust,1007,Marketing,LA,3444,23,1823
Recalde Kensinger,1008,Accounts,LA,3704,48,1330
Imai Hallie,1009,Accounts,AK,5061,38,1557
Debroah Gallman,1010,Accounts,NY,9308,35,817
Barringer Escoto,1011,Purchasing,WA,1685,49,1706
Soules Coogan,1012,Accounts,AK,8330,43,1914
Luisa Suzanne,1013,Accounts,CA,1151,37,1095
Marvis Cobian,1014,Purchasing,NY,5061,41,1765
Cobian Kensinger,1015,Sales,LA,1983,21,632
Gilma Margret,1016,Marketing,CA,2919,45,1762
Ellingsworth Ilana,1017,Accounts,WA,9614,26,1964
Vankirk Jacquelyne,1018,Purchasing,NY,8636,47,1192
Zollner Juliana,1019,HR,NY,9739,30,1119
Megan Gallman,1020,Finance,CA,8628,27,990
Gilma Imai,1021,Purchasing,CA,9236,25,1703
Jacquelyne Hanh,1022,Accounts,AK,7310,38,1866
Trena Clemencia,1023,Finance,CA,7275,23,1005
Dedman Jere,1024,HR,WA,1385,32,1358
Dionne Lemaster,1025,Sales,AK,5134,48,1356
Janey Ilana,1026,Purchasing,AK,2338,42,1311
Tyree Soules,1027,Finance,AK,2810,45,1510
Debroah Kreamer,1028,Sales,AK,6051,25,895
Frisina Gallman,1029,HR,CA,2786,38,1512
Trena Benz,1030,Accounts,NY,4376,49,1624
Suzanne Trena,1031,Finance,AK,3039,20,761
Antonio Casimira,1032,HR,NY,3212,24,1008
Amber Richter,1033,Accounts,LA,7624,38,1580
Layla Antonina,1034,Sales,CA,9129,37,1619
Vivan Sifford,1035,Finance,NY,1129,35,1261
Mullan Trena,1036,Sales,WA,7370,30,1848
Herder Nitz,1037,Finance,AK,1677,25,579
Dionne Hanh,1038,Accounts,WA,1956,30,1498
Dynes Katlyn,1039,Accounts,AK,3039,48,834
Tamra Laub,1040,Sales,LA,9587,28,1240
Vivan Kall,1041,Purchasing,NY,1928,45,718
Jaclyn Layla,1042,HR,NY,7541,25,1289
Byrge Yukiko,1043,Sales,WA,8371,26,1945
Escoto Kohn,1044,Purchasing,NY,2268,44,1533
Kaczorowski Dynes,1045,Purchasing,NY,3901,42,1802
Zollner Kensinger,1046,Sales,WA,6636,20,1208
Exie Georgeanna,1047,Finance,WA,4651,41,1794
Melissia Leonel,1048,Marketing,CA,3864,39,741
Ellingsworth Lonergan,1049,Accounts,WA,4503,37,1090
Melissia Imai,1050,Accounts,CA,8926,37,1149
Gallman Bergren,1051,Marketing,AK,4980,43,1046
Antonio Ruzicka,1052,Finance,AK,2751,22,990
Fender Yessenia,1053,Marketing,CA,7029,23,715
Lisabeth Gallman,1054,Marketing,NY,2143,37,1623
Nakano Clune,1055,Accounts,CA,7594,40,809
Byrge Lisabeth,1056,Sales,LA,2284,41,1022
Yukiko Fender,1057,Purchasing,LA,7113,20,1814
Clune Norene,1058,Finance,AK,1605,49,801
Suzanne Gilma,1059,Purchasing,NY,2092,37,1840
Rudolph Grigg,1060,Purchasing,LA,6072,23,822
Charlie Antonina,1061,Accounts,WA,2927,40,1043
Megan Vankirk,1062,Marketing,CA,8737,45,1847
Vivan Jacquelyne,1063,Marketing,LA,9974,35,823
Locust Dedman,1064,Marketing,WA,9101,26,1657
Luisa Jere,1065,Sales,NY,7870,36,1866
Locust Louann,1066,Sales,LA,7719,29,1698
Ruzicka Nena,1067,Marketing,NY,2379,40,831
Ilana Deandre,1068,Sales,WA,3393,20,1936
Figueras Sifford,1069,HR,WA,8815,45,872
Janine Mayeda,1070,Finance,WA,7044,25,1870
Norene Marvis,1071,Marketing,NY,4713,30,968
Janine Fender,1072,HR,CA,7572,28,1139
Herder Gallman,1073,Finance,NY,1988,31,1402
Rocha Dionne,1074,Accounts,CA,3470,49,706
Trena Melissia,1075,HR,LA,2969,31,1653
Casimira Katlyn,1076,Finance,WA,5966,22,1330
Vivan Locust,1077,HR,NY,8389,34,1313
Tenenbaum Suzanne,1078,Finance,AK,3426,21,1790
Grigg Debroah,1079,Finance,NY,5728,28,1146
Phylicia Nena,1080,Accounts,WA,9506,26,1313
Recalde Reardon,1081,Purchasing,LA,4273,27,1529
Nena Rocha,1082,Finance,NY,3417,25,1647
Benz Melvina,1083,HR,NY,2558,43,1151
Clemencia Locust,1084,Finance,CA,9017,24,1577
Karie Sifford,1085,Sales,NY,3207,23,871
Villela Dedman,1086,Purchasing,WA,5072,22,684
Leif Lemaster,1087,Finance,NY,8642,45,1782
Imai Locust,1088,Sales,NY,9982,49,1809
Herder Villela,1089,Marketing,NY,2671,32,632
Clemencia Rudolph,1090,Finance,NY,1296,50,1209
Nitz Mcmillion,1091,Sales,WA,6095,21,1940
Ullery Juliana,1092,Marketing,LA,5745,26,1978
Janey Amber,1093,Finance,LA,7005,25,1842
Antonio Mullan,1094,Marketing,AK,7138,30,1630
Toussaint Layla,1095,Marketing,LA,4598,22,1958
Coogan Toussaint,1096,Marketing,NY,7109,38,603
Bergren Dedman,1097,Sales,CA,5192,33,1673
Dedman Laub,1098,Sales,AK,5674,22,1511
Zollner Marvis,1099,Purchasing,CA,4230,50,951
Ellingsworth Melissia,1100,Finance,NY,7845,32,1358
Escoto Clemencia,1101,Marketing,WA,2038,40,1146
Lemaster Juliana,1102,Finance,AK,4614,29,526
Amber Exie,1103,Purchasing,AK,7963,29,1029
Antonio Clemencia,1104,HR,LA,7929,33,1256
Katlyn Casimira,1105,Sales,NY,7447,32,612
Reardon Kall,1106,Purchasing,LA,6222,25,677
Nena Cobian,1107,Purchasing,WA,5362,28,1409
Fender Mayeda,1108,Purchasing,WA,6022,43,1692
Lonergan Trena,1109,Purchasing,WA,2286,37,1754
Toussaint Tyree,1110,HR,NY,3677,26,1573
Margret Reighard,1111,HR,CA,6592,22,1396
Stanford Durio,1112,Purchasing,WA,9123,25,732
Figueras Escoto,1113,Purchasing,WA,3516,43,1364
Locust Antonina,1114,Sales,WA,2842,40,1689
Trena Nitz,1115,Marketing,CA,9255,41,532
Norene Kensinger,1116,Accounts,AK,5206,38,1791
Grigg Tyree,1117,Sales,WA,8139,33,1545
Kohn Antonina,1118,Sales,CA,9311,48,1229
Toussaint Deandre,1119,Purchasing,WA,3270,45,1744
Luisa Deandre,1120,Accounts,CA,2792,34,1833
Toussaint Nitz,1121,Sales,WA,6358,27,1967
Benz Coogan,1122,Accounts,CA,8221,36,1374
Antonio Juliana,1123,Sales,NY,3478,32,1338
Deandre Grigg,1124,Purchasing,LA,6721,28,1399
Richter Escoto,1125,HR,LA,2143,38,1078
Norene Mayeda,1126,Accounts,LA,3100,50,1333
Escoto Gilma,1127,Finance,NY,3426,41,1285
Jacquelyne Kreamer,1128,Finance,CA,7353,31,1272
Kall Karie,1129,HR,CA,1716,34,1254
Kohn Figueras,1130,Purchasing,CA,1105,27,908
Louann Katlyn,1131,HR,LA,8352,39,500
Juliana Trena,1132,Marketing,LA,3253,25,751
Soules Mckey,1133,HR,NY,3555,45,1752
Melvina Clemencia,1134,Sales,CA,6514,35,941
Antonio Antonina,1135,Marketing,NY,2835,27,1295
Jaclyn Baros,1136,Sales,LA,1699,48,1094
Norene Antonina,1137,HR,WA,8880,24,1946
Layla Tenenbaum,1138,Accounts,CA,1461,32,1092
Leonel Yukiko,1139,Purchasing,AK,7344,39,505
Layla Karie,1140,HR,LA,2014,37,1465
Byrge Rocha,1141,Finance,LA,6636,20,913
Hanh Cobian,1142,Marketing,LA,7639,24,807
Nakano Mcmillion,1143,Accounts,NY,1716,32,1762
Herder Baros,1144,Finance,AK,1053,32,1941
Marvis Ruzicka,1145,Finance,AK,4728,37,1177
Escoto Ilana,1146,Marketing,AK,1327,44,1639
Kohn Louann,1147,Accounts,CA,3401,31,676
Janey Suzanne,1148,Finance,CA,1486,33,724
Escoto Gallman,1149,Finance,CA,3175,28,883
Mcmillion Nakano,1150,Marketing,CA,1787,37,1612
Barringer Kreamer,1151,Sales,LA,5407,38,866
Cobian Hanh,1152,Marketing,AK,9355,28,1070
Tiffani Jaclyn,1153,Purchasing,CA,5315,33,1796
Sifford Cobian,1154,Sales,AK,1861,20,1521
Zollner Mullan,1155,Accounts,AK,5295,27,869
Jaclyn Dionne,1156,Marketing,AK,3433,20,1489
Benz Hanh,1157,Purchasing,AK,2858,32,1430
Melvina Benz,1158,Sales,CA,2522,29,1984
Layla Kaczorowski,1159,Finance,CA,8942,21,1759
Soules Baros,1160,Sales,LA,7065,33,754
Georgeanna Laub,1161,Finance,NY,2469,26,1679
Leif Exie,1162,Marketing,AK,7048,24,1918
Ilana Grigg,1163,HR,LA,7869,44,1329
Gallman Nakano,1164,Sales,CA,6813,47,857
Luisa Grigg,1165,Purchasing,AK,9297,48,1545
Tenenbaum Katlyn,1166,Sales,AK,4684,43,1293
Antonio Jaclyn,1167,Purchasing,LA,7128,26,1700
Amber Trena,1168,Purchasing,LA,6015,31,1150
Kreamer Shandra,1169,HR,WA,4968,46,889
Fender Coogan,1170,Marketing,AK,1151,50,1845
Luisa Villela,1171,HR,WA,8589,41,1986
Megan Reighard,1172,Accounts,WA,8102,20,1535
Lemaster Melissia,1173,Marketing,NY,5171,38,1157
Laub Kaczorowski,1174,Marketing,NY,3130,41,949
Durio Tenenbaum,1175,Finance,NY,2253,42,1684
Nena Nakano,1176,Finance,LA,7628,32,671
Marvis Amber,1177,Sales,CA,6890,29,1407
Fender Imai,1178,Finance,AK,5930,34,566
Megan Antonina,1179,Purchasing,WA,1844,25,1723
Juliana Grigg,1180,Finance,NY,8178,42,1617
Gallman Ilana,1181,Finance,LA,6480,45,1823
Soules Recalde,1182,Sales,LA,6525,34,1517
Lonergan Bergren,1183,HR,NY,8175,46,1730
Fender Dionne,1184,Sales,LA,4963,26,1190
Casimira Kreamer,1185,Marketing,CA,6110,50,761
Tyree Recalde,1186,Accounts,NY,5932,50,1144
Gilma Hallie,1187,Finance,CA,2502,50,1882
Toussaint Karie,1188,Purchasing,WA,6829,32,1238
Imai Stanford,1189,Finance,LA,4649,37,1754
Escoto Charlie,1190,Finance,AK,5716,33,714
Reighard Herder,1191,Finance,AK,7609,47,615
Karie Ullery,1192,Purchasing,WA,3306,20,1877
Harrison Ullery,1193,Finance,WA,1846,29,663
Frisina Hanh,1194,Purchasing,AK,2779,28,1161
Leonel Rudolph,1195,Accounts,CA,6388,43,1663
Kensinger Debroah,1196,Marketing,CA,2188,41,1163
Baros Shandra,1197,HR,LA,8352,40,1975
Kreamer Vankirk,1198,HR,AK,4661,37,1219
Ullery Hanh,1199,Purchasing,AK,9284,20,1964
Gallman Deandre,1200,Sales,CA,9940,40,1226
Kall Nena,1201,HR,AK,6540,20,1387
Ruzicka Zollner,1202,Marketing,LA,8425,40,998
Yukiko Debroah,1203,Purchasing,LA,8298,43,1777
Durio Herder,1204,Sales,CA,4242,37,1334
Rocha Melvina,1205,Marketing,LA,2363,22,831
Tenenbaum Marvis,1206,Accounts,AK,4937,40,919
Charlie Barringer,1207,Accounts,AK,1434,42,1363
Toussaint Villela,1208,Purchasing,WA,5264,45,567
Megan Vivan,1209,Accounts,AK,2786,20,1593
Dynes Clemencia,1210,Finance,WA,3922,47,1075
Lemaster Debroah,1211,Finance,AK,7957,47,1062
Shandra Trena,1212,Purchasing,CA,1116,23,1539
Ullery Barringer,1213,Sales,CA,5716,32,739
Marvis Lisabeth,1214,Finance,NY,1062,49,639
Tiffani Benz,1215,Finance,NY,1665,41,1969
Mcmillion Stanford,1216,HR,LA,8199,43,1722
Escoto Megan,1217,Sales,WA,5056,43,908
Tamra Janine,1218,Finance,CA,7799,36,1838
Larry Tiffani,1219,Purchasing,AK,5831,34,1081
Nitz Ilana,1220,Finance,NY,2443,50,1342
Hanh Kall,1221,Accounts,AK,4840,23,594
Rocha Melissia,1222,HR,LA,2375,39,1741
Fender Janey,1223,Marketing,WA,1356,43,901
Sifford Coogan,1224,Sales,WA,3857,38,881
Ellingsworth Byrge,1225,Finance,AK,8933,31,1041
Tyree Georgeanna,1226,Purchasing,WA,5694,22,1044
Shandra Exie,1227,Purchasing,LA,5397,20,659
Juliana Coogan,1228,Purchasing,LA,9675,37,1930
Tamra Deandre,1229,Accounts,WA,1007,44,777
Ilana Dionne,1230,Sales,CA,2976,21,1133
Hanh Laub,1231,Sales,AK,6520,23,1132
Kreamer Clemencia,1232,Marketing,NY,4086,42,1952
Tamra Figueras,1233,Finance,AK,1618,39,744
Suzanne Ilana,1234,Marketing,AK,7767,43,1541
Ilana Georgeanna,1235,Finance,LA,4962,25,600
Lisabeth Nitz,1236,Accounts,CA,6894,29,1640
Mckey Phylicia,1237,Accounts,CA,2510,22,1415
Reardon Kreamer,1238,Finance,WA,6912,22,646
Charlie Yessenia,1239,Finance,AK,7347,45,642
Toussaint Baros,1240,HR,AK,5349,26,1035
Deandre Marvis,1241,Marketing,NY,8778,31,1712
Mullan Barringer,1242,Purchasing,CA,6631,21,782
Margret Marvis,1243,Purchasing,AK,2659,42,842
Trena Janey,1244,Marketing,LA,3936,40,1246
Marvis Drema,1245,HR,CA,2550,23,503
Frisina Janey,1246,Finance,WA,1547,45,820
Rudolph Georgeanna,1247,Sales,AK,6702,36,689
Tamra Dedman,1248,HR,AK,5589,33,1766
Gilma Janine,1249,Accounts,NY,2955,23,1645
Richter Kall,1250,HR,LA,7296,28,1155
Imai Shandra,1251,Finance,LA,3661,46,880
Leif Marvis,1252,Purchasing,LA,9200,20,1260
Kaczorowski Mayeda,1253,Accounts,CA,3826,27,986
Imai Casimira,1254,Accounts,WA,9846,34,1087
Phylicia Margret,1255,Purchasing,CA,1637,32,1895
Marvis Megan,1256,Sales,CA,1313,32,620
Recalde Locust,1257,Finance,WA,7507,43,726
Nitz Ilana,1258,HR,WA,6511,28,944
Gallman Nakano,1259,Accounts,AK,1060,42,1663
Locust Tyree,1260,Sales,WA,7334,35,1208
Suzanne Zollner,1261,Marketing,WA,9008,36,854
Nakano Amber,1262,Marketing,AK,3688,27,789
Georgeanna Reighard,1263,Marketing,CA,9810,30,1205
Kaczorowski Amber,1264,HR,AK,9478,30,674
Megan Leif,1265,HR,AK,2534,44,853
Leonel Karie,1266,Marketing,WA,3272,45,1785
Larry Villela,1267,Sales,CA,8332,30,1518
Zollner Mckey,1268,HR,LA,4807,21,1227
Nitz Mayeda,1269,HR,CA,1670,26,1976
Barringer Hallie,1270,Purchasing,CA,1934,27,1650
Vankirk Larry,1271,Accounts,NY,8962,22,1229
Lemaster Fender,1272,Sales,WA,2405,50,732
Karie Katlyn,1273,Marketing,AK,5364,43,1481
Sifford Margret,1274,Purchasing,LA,1725,34,958
Coogan Benz,1275,Marketing,WA,1992,24,1986
Rudolph Zollner,1276,Sales,LA,9702,41,1224
Toussaint Shandra,1277,Marketing,LA,7712,31,1914
Melissia Jaclyn,1278,Purchasing,AK,6810,43,872
Yessenia Dynes,1279,Marketing,CA,9647,39,1148
Locust Dedman,1280,Finance,WA,9294,32,505
Jaclyn Juliana,1281,Accounts,WA,8212,40,1893
Recalde Zollner,1282,HR,CA,8860,50,890
Grigg Rocha,1283,Sales,LA,3368,20,1532
Zollner Juliana,1284,Marketing,AK,6552,45,1766
Louann Jere,1285,Marketing,LA,4753,30,1035
Kohn Vankirk,1286,Finance,NY,5754,39,1229
Margret Ilana,1287,Accounts,LA,9333,28,1663
Mayeda Katlyn,1288,Purchasing,NY,1949,27,1827
Vivan Janey,1289,HR,WA,7514,44,1454
Nitz Kall,1290,HR,NY,9893,28,606
Antonio Gilma,1291,Sales,AK,8110,27,735
Luisa Casimira,1292,Sales,LA,6603,36,1672
Antonina Ullery,1293,Purchasing,CA,1787,50,919
Soules Imai,1294,Sales,CA,2653,33,1925
Coogan Suzanne,1295,Purchasing,LA,2655,25,573
Lemaster Nena,1296,Purchasing,NY,1186,31,1617
Tiffani Casimira,1297,Marketing,LA,3344,41,1463
Mullan Norene,1298,Purchasing,AK,3396,34,768
Nitz Nakano,1299,Accounts,AK,4340,26,552
Suzanne Vankirk,1300,HR,AK,1516,34,1519
Melissia Katlyn,1301,Finance,NY,5731,26,525
Byrge Ullery,1302,Purchasing,AK,6698,41,1152
Richter Escoto,1303,Finance,AK,2021,44,671
Herder Gallman,1304,HR,CA,8589,46,1086
Georgeanna Reardon,1305,Sales,LA,6440,40,1705
Figueras Yessenia,1306,Marketing,WA,1093,35,599
Casimira Leif,1307,HR,CA,5849,45,1663
Frisina Frisina,1308,Marketing,AK,8308,37,1806
Clune Recalde,1309,Sales,CA,2648,33,1952
Deandre Lisabeth,1310,Sales,CA,2262,45,1917
Tamra Nitz,1311,Sales,NY,5853,43,1991
Leif Reighard,1312,Accounts,NY,3774,23,1905
Ilana Bergren,1313,Marketing,LA,6275,20,1554
Lisabeth Katlyn,1314,Purchasing,CA,6320,38,1142
Kaczorowski Nitz,1315,Accounts,LA,2603,36,1977
Nena Mcmillion,1316,Purchasing,WA,9655,35,1747
Mullan Yessenia,1317,Purchasing,WA,6023,42,1449
Luisa Rudolph,1318,HR,NY,6794,48,1642
Reighard Shandra,1319,Sales,CA,9359,27,1199
Escoto Recalde,1320,Marketing,AK,5181,24,1360
Janey Laub,1321,HR,LA,3422,28,1660
Charlie Fender,1322,Finance,CA,9540,45,1639
Gilma Fender,1323,HR,CA,1829,50,880
Clemencia Karie,1324,Sales,CA,4673,26,1410
Bergren Barringer,1325,HR,AK,8277,46,1277
Harrison Laub,1326,Marketing,NY,5635,28,1452
Trena Phylicia,1327,Finance,AK,4857,45,1527
Dynes Exie,1328,Marketing,NY,8793,20,1653
Kohn Janine,1329,Purchasing,AK,8906,31,1798
Casimira Kall,1330,Marketing,WA,4109,24,1496
Hanh Coogan,1331,Marketing,AK,8922,31,1311
Cobian Trena,1332,HR,AK,6359,29,1140
Larry Shandra,1333,HR,NY,6701,23,961
Trena Lemaster,1334,Finance,LA,6283,50,831
Deandre Melissia,1335,Finance,NY,8898,32,513
Layla Marvis,1336,HR,NY,6196,50,1768
Vivan Ilana,1337,Accounts,NY,4025,29,1920
Kall Mckey,1338,Purchasing,AK,9514,38,1123
Jacquelyne Tiffani,1339,Accounts,CA,1449,27,1654
Nakano Benz,1340,Marketing,AK,3367,49,1221
Mullan Benz,1341,HR,WA,6126,21,1685
Phylicia Antonina,1342,Finance,NY,8626,30,1857
Melvina Trena,1343,Accounts,WA,9592,50,1512
Durio Luisa,1344,Purchasing,AK,1472,42,1715
Stanford Drema,1345,HR,CA,5402,34,946
Debroah Tiffani,1346,Accounts,AK,9357,46,573
Escoto Tyree,1347,Sales,CA,7995,39,1731
Charlie Rocha,1348,HR,AK,1874,25,791
Mayeda Villela,1349,Marketing,AK,4237,27,1587
Vankirk Stanford,1350,Finance,AK,2767,35,589
Escoto Rocha,1351,HR,LA,8970,26,1628
Antonio Baros,1352,Accounts,LA,4627,39,1583
Vivan Leif,1353,Marketing,CA,1721,35,1949
Kreamer Kaczorowski,1354,HR,CA,9857,49,524
Jacquelyne Melissia,1355,Marketing,NY,7414,43,566
Sifford Antonina,1356,Purchasing,CA,2357,46,1260
Byrge Benz,1357,Sales,AK,6823,44,1932
Bergren Janine,1358,HR,WA,6051,45,505
Louann Lonergan,1359,Marketing,CA,3330,20,739
Amber Locust,1360,Purchasing,LA,1922,50,1406
Fender Tyree,1361,Purchasing,AK,5227,35,1400
Juliana Herder,1362,Accounts,LA,1504,22,1994
Tenenbaum Imai,1363,Marketing,NY,9658,33,531
Hallie Tenenbaum,1364,Marketing,WA,1967,36,1379
Vivan Drema,1365,Marketing,NY,8475,24,1028
Byrge Figueras,1366,Marketing,WA,8493,39,628
Grigg Locust,1367,Marketing,WA,3733,20,709
Kaczorowski Villela,1368,Marketing,WA,4254,21,1616
Durio Jere,1369,Accounts,LA,5409,27,1783
Frisina Lisabeth,1370,Accounts,CA,5377,46,971
Lisabeth Hanh,1371,HR,CA,3346,44,534
Benz Villela,1372,HR,AK,8511,29,945
Casimira Mayeda,1373,Marketing,WA,3253,38,1502
Melissia Dynes,1374,Purchasing,AK,7833,30,1800
Tiffani Nakano,1375,HR,NY,3378,33,1190
Antonio Tenenbaum,1376,HR,WA,3036,28,1490
Ullery Kaczorowski,1377,Sales,LA,8929,50,1554
Exie Frisina,1378,Marketing,WA,1646,26,712
Byrge Lisabeth,1379,Accounts,AK,5614,35,774
Jacquelyne Nakano,1380,Finance,WA,7702,25,697
Luisa Clune,1381,Finance,LA,3099,30,721
Imai Dynes,1382,Accounts,AK,3219,22,1579
Villela Byrge,1383,Accounts,CA,4627,29,1805
Juliana Grigg,1384,Marketing,LA,6164,37,1612
Norene Charlie,1385,Purchasing,AK,8908,44,593
Shandra Bergren,1386,HR,NY,7646,27,1099
Melvina Richter,1387,Marketing,WA,3877,34,1774
Harrison Baros,1388,Marketing,AK,9640,46,532
Villela Amber,1389,Marketing,WA,5522,21,1807
Clemencia Kensinger,1390,Accounts,AK,6184,45,812
Leif Grigg,1391,Finance,WA,4501,35,562
Lisabeth Baros,1392,Finance,CA,6156,33,1713
Durio Melissia,1393,Finance,CA,5506,31,1634
Sifford Layla,1394,Finance,CA,3641,47,1707
Clemencia Nena,1395,Finance,CA,4512,22,958
Nakano Nakano,1396,Finance,LA,4369,27,1571
Rudolph Casimira,1397,HR,WA,2532,41,1994
Jere Ellingsworth,1398,HR,LA,8214,41,698
Leif Villela,1399,Accounts,WA,6824,43,879
Bergren Clemencia,1400,Purchasing,LA,5321,47,1169
Reardon Georgeanna,1401,HR,NY,7793,45,748
Kreamer Debroah,1402,Purchasing,WA,2195,35,1735
Larry Reardon,1403,HR,NY,9004,48,716
Jere Frisina,1404,HR,WA,9287,40,731
Grigg Ilana,1405,HR,CA,4937,32,983
Georgeanna Lemaster,1406,Purchasing,LA,8239,47,1405
Kaczorowski Marvis,1407,Marketing,WA,1951,21,535
Dionne Durio,1408,HR,LA,9624,34,1850
Mullan Gilma,1409,HR,LA,4276,47,1158
Locust Mckey,1410,Accounts,NY,3389,27,1471
Kaczorowski Debroah,1411,Marketing,CA,8499,42,1826
Mckey Kreamer,1412,Purchasing,LA,5413,32,684
Hallie Hanh,1413,Finance,LA,2973,36,771
Durio Janey,1414,Finance,NY,2992,46,1733
Nakano Larry,1415,Purchasing,WA,1178,47,1545
Jere Cobian,1416,HR,CA,5001,26,1463
Jacquelyne Layla,1417,Marketing,CA,7497,37,842
Juliana Kreamer,1418,Finance,NY,1006,45,651
Yessenia Antonina,1419,Marketing,LA,2421,46,1514
Gallman Kohn,1420,HR,AK,2395,30,712
Trena Vivan,1421,Sales,LA,1152,24,689
Escoto Megan,1422,Accounts,AK,4728,47,655
Dynes Clemencia,1423,Accounts,CA,7982,23,864
Janine Hanh,1424,Accounts,LA,5824,23,1370
Laub Marvis,1425,Sales,NY,8747,46,1322
Leif Durio,1426,HR,WA,7895,41,1585
Casimira Reardon,1427,Marketing,WA,6794,25,1059
Ilana Ruzicka,1428,Sales,LA,7714,45,1563
Recalde Tamra,1429,Sales,NY,1402,25,1462
Gilma Marvis,1430,Purchasing,LA,9138,34,1657
Escoto Luisa,1431,Sales,LA,3656,25,1188
Janine Dynes,1432,Accounts,NY,2270,25,656
Reighard Kensinger,1433,Purchasing,WA,5248,49,1517
Rocha Leif,1434,Sales,WA,4465,37,1737
Benz Antonio,1435,Marketing,AK,5416,25,1058
Ilana Grigg,1436,Accounts,AK,2412,35,754
Dynes Phylicia,1437,Marketing,AK,3444,30,1668
Leonel Kohn,1438,Finance,AK,3855,27,1053
Megan Lisabeth,1439,HR,WA,5343,24,684
Clemencia Coogan,1440,Accounts,CA,6722,27,748
Shandra Frisina,1441,Sales,AK,6010,46,508
Ullery Rudolph,1442,Sales,AK,6490,48,1085
Rudolph Dionne,1443,HR,LA,9413,23,1559
Benz Ilana,1444,HR,LA,9101,48,518
Leonel Coogan,1445,Marketing,WA,9152,34,741
Dionne Recalde,1446,Purchasing,CA,3164,25,965
Ullery Tyree,1447,HR,WA,6157,42,1557
Gilma Janine,1448,HR,CA,9097,31,746
Amber Tyree,1449,HR,LA,1429,47,1177
Amber Byrge,1450,Finance,CA,8036,29,835
Margret Zollner,1451,HR,WA,2168,36,1509
Melvina Zollner,1452,Marketing,NY,5345,48,1371
Byrge Hallie,1453,HR,WA,8457,41,1979
Tamra Melissia,1454,Accounts,CA,8544,32,1734
Juliana Charlie,1455,HR,LA,5738,27,622
Margret Rudolph,1456,Sales,AK,2375,48,604
Rocha Sifford,1457,Marketing,NY,9140,45,1051
Harrison Lisabeth,1458,Marketing,WA,4375,22,1000
Rudolph Amber,1459,HR,LA,8579,41,1499
Imai Stanford,1460,Finance,WA,9636,29,1612
Norene Luisa,1461,Sales,AK,2471,47,1215
Reardon Juliana,1462,Finance,WA,5881,48,1306
Antonina Ruzicka,1463,Sales,LA,8269,43,537
Locust Exie,1464,Finance,WA,3791,25,723
Janine Tyree,1465,Sales,AK,7589,37,1251
Byrge Kaczorowski,1466,Purchasing,CA,3612,28,1050
Karie Leonel,1467,Marketing,CA,3415,35,1173
Karie Antonio,1468,Purchasing,LA,1876,47,1949
Vivan Antonio,1469,Marketing,WA,5173,35,533
Kreamer Ellingsworth,1470,Sales,CA,6729,34,1646
Melvina Nakano,1471,Accounts,CA,2771,32,530
Melissia Drema,1472,Accounts,NY,3785,25,770
Mayeda Villela,1473,Marketing,CA,5420,20,813
Barringer Baros,1474,Purchasing,LA,7200,39,974
Harrison Nitz,1475,HR,WA,9982,43,1362
Escoto Gallman,1476,Purchasing,LA,5416,40,1790
Harrison Ilana,1477,HR,AK,8111,48,1830
Trena Vivan,1478,Finance,CA,3221,34,1860
Larry Antonio,1479,Finance,CA,5850,48,1382
Recalde Hallie,1480,Purchasing,LA,3107,31,1265
Yukiko Mckey,1481,HR,AK,4553,33,1901
Ullery Dionne,1482,Purchasing,WA,3701,31,1105
Ullery Nitz,1483,HR,NY,3003,40,1638
Katlyn Jere,1484,Accounts,LA,4803,46,1873
Suzanne Vankirk,1485,Accounts,WA,3463,40,1353
Gallman Lonergan,1486,Sales,CA,7748,44,1351
Kohn Kreamer,1487,Sales,CA,8194,38,1894
Benz Ilana,1488,Finance,WA,8251,36,579
Janine Melvina,1489,Purchasing,LA,3116,33,1167
Kreamer Figueras,1490,Marketing,AK,5916,34,1225
Rocha Harrison,1491,Purchasing,WA,7308,46,1521
Mayeda Margret,1492,Accounts,AK,2735,30,1584
Dionne Grigg,1493,Accounts,AK,1825,39,822
Kohn Lisabeth,1494,Sales,AK,6707,24,783
Harrison Lonergan,1495,Finance,CA,2235,37,1609
Vankirk Kaczorowski,1496,Sales,WA,7672,42,1123
Leonel Figueras,1497,Accounts,LA,3610,35,1810
Lonergan Imai,1498,Accounts,CA,4771,22,1048
Leif Dynes,1499,HR,WA,6965,25,518
Lemaster Exie,1500,Marketing,LA,3262,34,975
Stanford Katlyn,1501,Marketing,WA,5200,34,834
Antonio Jaclyn,1502,Purchasing,WA,7002,42,1040
Stanford Richter,1503,Accounts,WA,4909,33,1256
Georgeanna Janey,1504,Marketing,CA,5078,25,1009
Nitz Suzanne,1505,Finance,LA,2361,30,1093
Deandre Clune,1506,Accounts,LA,6801,23,1665
Rocha Ilana,1507,Finance,AK,4671,33,1796
Vivan Fender,1508,HR,CA,7699,38,1843
Ellingsworth Nitz,1509,Finance,NY,7234,45,1004
Nitz Cobian,1510,Marketing,AK,9222,50,1152
Kreamer Juliana,1511,Sales,NY,3510,43,1017
Vankirk Megan,1512,HR,LA,6365,49,1554
Jere Dedman,1513,Accounts,LA,5715,32,1914
Clemencia Nakano,1514,Finance,AK,5563,31,1787
Zollner Gilma,1515,Finance,CA,8924,50,1161
Durio Melissia,1516,Finance,WA,3423,39,1275
Gallman Clemencia,1517,Finance,AK,9532,36,1592
Louann Deandre,1518,Finance,CA,9546,24,548
Melissia Casimira,1519,Sales,LA,6300,47,1131
Karie Mcmillion,1520,HR,WA,6466,29,726
Laub Norene,1521,Sales,AK,5645,40,1887
Jaclyn Jaclyn,1522,HR,AK,7505,49,1081
Richter Coogan,1523,Purchasing,WA,9640,38,1090
Kreamer Drema,1524,Purchasing,LA,9329,45,1132
Kreamer Mayeda,1525,Accounts,NY,3669,24,1862
Margret Katlyn,1526,Finance,CA,1636,45,1639
Ruzicka Vivan,1527,Accounts,AK,3374,40,647
Mullan Shandra,1528,Sales,AK,4604,43,1998
Dynes Coogan,1529,Finance,NY,3102,28,532
Ilana Katlyn,1530,Sales,CA,7959,46,1138
Cobian Laub,1531,Marketing,NY,2741,30,939
Harrison Barringer,1532,HR,WA,7874,50,1184
Hanh Lonergan,1533,Finance,CA,8393,34,704
Figueras Kohn,1534,Purchasing,CA,9287,24,1234
Norene Richter,1535,Purchasing,CA,3812,23,615
Soules Stanford,1536,HR,AK,3616,50,1703
Karie Tiffani,1537,Sales,CA,9579,32,1012
Nitz Tamra,1538,Purchasing,AK,4512,21,556
Vivan Benz,1539,Sales,AK,2725,48,1549
Mullan Bergren,1540,Sales,LA,5889,24,740
Dedman Kall,1541,Sales,NY,3755,27,1984
Yukiko Norene,1542,HR,LA,9696,26,1226
Trena Stanford,1543,Purchasing,LA,6800,27,1126
Shandra Stanford,1544,Finance,LA,1880,36,728
Toussaint Zollner,1545,Finance,AK,9173,20,765
Ilana Ilana,1546,HR,LA,4321,35,818
Herder Larry,1547,Purchasing,LA,3582,25,567
Exie Leonel,1548,Marketing,AK,4930,48,1761
Reighard Kaczorowski,1549,Sales,NY,2129,24,1392
Byrge Larry,1550,Marketing,AK,1167,34,1682
Herder Gallman,1551,Purchasing,NY,4525,26,1701
Laub Karie,1552,Sales,AK,7882,42,1122
Rocha Trena,1553,Accounts,LA,4457,34,1572
Imai Hanh,1554,Purchasing,LA,9171,38,1636
Antonio Locust,1555,Finance,CA,4770,23,999
Mullan Ellingsworth,1556,Marketing,WA,1496,29,1614
Ullery Imai,1557,Sales,WA,3044,39,1960
Luisa Clune,1558,Purchasing,WA,2101,39,1063
Tamra Bergren,1559,Purchasing,WA,2677,43,1248
Kall Lisabeth,1560,Purchasing,LA,4967,44,696
Benz Frisina,1561,Marketing,AK,3414,28,1735
Karie Hallie,1562,Marketing,WA,6888,41,916
Karie Kall,1563,Purchasing,LA,4911,31,1034
Layla Layla,1564,Finance,LA,1595,40,783
Mayeda Marvis,1565,Finance,LA,7123,27,533
Georgeanna Janey,1566,HR,WA,7393,49,1813
Cobian Harrison,1567,Purchasing,LA,9267,36,1036
Soules Laub,1568,Accounts,LA,4658,31,1341
Rocha Margret,1569,Sales,CA,1164,49,674
Larry Gilma,1570,HR,AK,5019,26,1742
Reighard Antonio,1571,Marketing,NY,3004,32,680
Mullan Villela,1572,Sales,LA,5968,45,1479
Ilana Charlie,1573,HR,LA,1654,38,1317
Hallie Figueras,1574,Marketing,CA,7532,46,1655
Kaczorowski Yukiko,1575,HR,NY,5082,50,1727
Karie Jaclyn,1576,Sales,LA,2611,47,1026
Dynes Reardon,1577,Sales,LA,5311,47,1865
Lisabeth Rocha,1578,Sales,LA,7954,48,1514
Juliana Bergren,1579,Sales,CA,4407,37,1284
Mayeda Ullery,1580,Accounts,NY,7411,42,1067
Vankirk Kaczorowski,1581,Accounts,CA,5266,21,1503
Hanh Hanh,1582,Accounts,NY,5399,43,1821
Villela Casimira,1583,HR,LA,2422,27,1537
Fender Bergren,1584,Purchasing,NY,5180,22,1312
Karie Yukiko,1585,Finance,LA,3405,29,610
Juliana Escoto,1586,Finance,LA,8182,29,721
Herder Tyree,1587,HR,WA,3490,45,1062
Melissia Locust,1588,Purchasing,CA,3108,30,1859
Tenenbaum Gilma,1589,Sales,LA,8439,39,1676
Norene Janey,1590,Marketing,AK,7101,22,1870
Jacquelyne Zollner,1591,Finance,WA,4135,28,1241
Amber Georgeanna,1592,HR,WA,9946,34,1812
Escoto Janey,1593,Accounts,LA,7736,23,764
Kensinger Jere,1594,Accounts,NY,9114,45,1263
Gilma Mullan,1595,Accounts,NY,8688,48,530
Karie Norene,1596,Sales,CA,4228,27,1928
Kaczorowski Janey,1597,Sales,AK,3949,45,1774
Janey Leonel,1598,Finance,WA,1651,34,743
Herder Dedman,1599,Accounts,CA,7934,21,1081
Margret Tiffani,1600,Marketing,CA,5695,37,885
Louann Jaclyn,1601,Accounts,AK,5751,35,922
Tenenbaum Coogan,1602,Accounts,WA,9442,30,1577
Imai Kall,1603,Finance,AK,8565,35,1086
Frisina Ruzicka,1604,Sales,AK,5591,27,1882
Imai Janine,1605,Purchasing,NY,4380,31,1830
Escoto Casimira,1606,HR,WA,6173,41,1788
Janey Layla,1607,Sales,AK,4795,24,1153
Gilma Casimira,1608,Sales,AK,4602,26,1365
Zollner Yukiko,1609,Marketing,AK,5535,48,937
Soules Luisa,1610,HR,NY,5691,48,797
Georgeanna Vivan,1611,Purchasing,CA,2588,48,594
Mullan Yukiko,1612,Marketing,NY,7758,39,860
Hallie Jere,1613,Marketing,AK,3936,27,1076
Suzanne Kohn,1614,Purchasing,CA,2576,41,906
Richter Coogan,1615,Purchasing,LA,4376,24,1045
Kall Trena,1616,Finance,CA,3084,47,1871
Dedman Ilana,1617,Sales,CA,1712,49,743
Nakano Kreamer,1618,HR,WA,3043,35,953
Antonina Recalde,1619,Marketing,WA,2304,29,822
Drema Drema,1620,Accounts,AK,2455,20,1360
Cobian Soules,1621,Marketing,AK,3933,23,819
Lonergan Deandre,1622,Accounts,WA,4593,42,1520
Byrge Tiffani,1623,Purchasing,WA,9375,23,574
Tamra Melissia,1624,Purchasing,WA,1528,25,1895
Antonio Hallie,1625,HR,WA,2564,45,1076
Ullery Kaczorowski,1626,Sales,WA,9015,46,938
Lemaster Sifford,1627,Marketing,CA,2853,20,1084
Villela Reardon,1628,Accounts,LA,8650,20,1546
Leonel Megan,1629,Sales,LA,9592,28,1342
Imai Debroah,1630,Marketing,WA,5839,20,1034
Gilma Fender,1631,HR,WA,8806,41,1904
Layla Drema,1632,Sales,CA,8898,30,980
Karie Bergren,1633,Finance,WA,1337,26,1907
Barringer Figueras,1634,Purchasing,NY,4228,42,833
Locust Imai,1635,HR,NY,8560,33,1866
Grigg Recalde,1636,Accounts,CA,2262,47,730
Janey Jaclyn,1637,Sales,AK,3399,27,691
Casimira Juliana,1638,Accounts,AK,2967,24,974
Melvina Stanford,1639,Purchasing,CA,2353,30,1860
Baros Dedman,1640,HR,CA,8470,31,1913
Jacquelyne Escoto,1641,Sales,WA,7763,46,727
Bergren Yessenia,1642,Marketing,WA,5644,23,1944
Herder Yessenia,1643,HR,WA,2298,46,853
Rocha Drema,1644,Finance,NY,3662,32,586
Janine Zollner,1645,Sales,CA,7685,44,1215
Nitz Tyree,1646,Marketing,AK,3943,48,809
Drema Jaclyn,1647,Finance,LA,5232,46,872
Durio Imai,1648,HR,LA,6261,33,860
Recalde Kall,1649,HR,NY,5407,21,1894
Lonergan Bergren,1650,Sales,CA,9643,34,551
Shandra Marvis,1651,Marketing,CA,7222,40,1075
Coogan Grigg,1652,Sales,NY,8907,41,727
Debroah Herder,1653,Sales,LA,4018,47,1853
Louann Ellingsworth,1654,Marketing,WA,6705,22,1593
Norene Amber,1655,Finance,AK,9261,23,1885
Tenenbaum Luisa,1656,HR,WA,5220,46,942
Nakano Durio,1657,Purchasing,NY,6671,44,1253
Yukiko Dedman,1658,Sales,AK,4340,42,1046
Byrge Antonina,1659,Sales,AK,4085,32,1565
Melissia Jere,1660,Finance,NY,9201,21,1533
Lonergan Jere,1661,Purchasing,CA,7513,44,725
Leonel Laub,1662,Sales,NY,4359,28,1173
Sifford Trena,1663,Accounts,WA,3378,39,546
Imai Karie,1664,Finance,LA,3033,27,1977
Imai Cobian,1665,Purchasing,CA,9297,48,1092
Janey Tenenbaum,1666,HR,NY,3409,29,1370
Melissia Antonio,1667,HR,AK,6471,34,782
Antonina Louann,1668,Accounts,AK,9580,44,1650
Benz Baros,1669,Purchasing,LA,2217,29,1809
Rocha Coogan,1670,Accounts,AK,1210,46,1753
Gilma Casimira,1671,HR,LA,6552,33,1803
Casimira Stanford,1672,Accounts,LA,1268,24,1828
Debroah Antonina,1673,HR,WA,3248,39,1537
Jere Janey,1674,HR,AK,8859,33,1693
Jaclyn Antonio,1675,Purchasing,AK,2374,26,951
Frisina Cobian,1676,Sales,LA,5324,30,1631
Rocha Rudolph,1677,Purchasing,LA,7321,28,1118
Jere Tiffani,1678,Marketing,WA,3734,34,1218
Kaczorowski Hallie,1679,HR,AK,9137,49,1014
Georgeanna Marvis,1680,Marketing,LA,4105,26,1120
Megan Janine,1681,Sales,WA,5788,26,1469
Drema Nitz,1682,Finance,WA,9167,40,1790
Lemaster Nena,1683,Marketing,CA,1217,31,1761
Laub Dionne,1684,Sales,AK,9639,32,727
Lonergan Deandre,1685,Accounts,NY,8045,47,1606
Lonergan Kall,1686,HR,LA,1360,38,646
Zollner Antonio,1687,Marketing,LA,5857,29,520
Debroah Norene,1688,Sales,NY,3809,40,655
Recalde Drema,1689,Purchasing,CA,8344,38,683
Norene Kall,1690,HR,CA,9662,27,1291
Dedman Tiffani,1691,HR,WA,9093,45,1315
Coogan Hallie,1692,HR,LA,4828,44,630
Tamra Soules,1693,Sales,AK,2562,38,1875
Ullery Lemaster,1694,Marketing,NY,3675,46,1998
Suzanne Megan,1695,Marketing,AK,2204,27,1020
Casimira Locust,1696,Accounts,WA,8024,33,1534
Fender Villela,1697,Finance,CA,3056,25,845
Casimira Melvina,1698,Purchasing,LA,3018,28,1012
Locust Tyree,1699,Purchasing,WA,1416,43,1644
Sifford Barringer,1700,Accounts,WA,6640,27,1619
Trena Melvina,1701,Marketing,AK,5296,34,1776
Rudolph Juliana,1702,Marketing,NY,7623,47,1166
Kall Dynes,1703,Purchasing,LA,6643,36,614
Herder Laub,1704,Accounts,NY,4749,38,733
Stanford Ruzicka,1705,Finance,AK,4244,45,882
Melissia Kaczorowski,1706,Accounts,NY,3663,22,1592
Frisina Dionne,1707,Marketing,AK,7351,48,1239
Tamra Dynes,1708,Finance,CA,1553,45,711
Megan Yessenia,1709,Sales,WA,1820,45,1782
Benz Louann,1710,HR,AK,4923,50,958
Leonel Rocha,1711,Marketing,WA,4091,22,817
Janey Suzanne,1712,Marketing,NY,1819,36,806
Yessenia Byrge,1713,HR,NY,1118,38,1489
Ilana Laub,1714,Marketing,WA,4519,38,1100
Lisabeth Yessenia,1715,Accounts,LA,7417,48,907
Kaczorowski Charlie,1716,Finance,CA,7902,35,1763
Leif Shandra,1717,Purchasing,AK,7060,33,902
Amber Lisabeth,1718,Accounts,LA,5048,20,724
Tenenbaum Phylicia,1719,Accounts,NY,4179,21,1769
Locust Hanh,1720,Finance,AK,1737,48,1243
Dionne Soules,1721,Sales,NY,2697,22,1715
Harrison Casimira,1722,Finance,CA,4052,41,1901
Recalde Marvis,1723,Purchasing,NY,3272,38,1648
Shandra Lemaster,1724,Marketing,LA,4329,34,1576
Melissia Imai,1725,Finance,NY,2179,33,712
Yukiko Dedman,1726,Accounts,LA,6304,43,1010
Exie Hanh,1727,Marketing,CA,6842,47,563
Locust Drema,1728,Purchasing,LA,1648,33,1573
Figueras Figueras,1729,HR,NY,4963,50,884
Yessenia Karie,1730,HR,WA,9893,28,635
Mayeda Lemaster,1731,HR,LA,3710,40,758
Durio Jere,1732,Purchasing,WA,3614,42,870
Melissia Leif,1733,Accounts,CA,8701,44,958
Laub Dionne,1734,Accounts,LA,8385,50,1870
Kensinger Dynes,1735,Purchasing,AK,2112,20,1378
Dynes Kall,1736,Purchasing,NY,1121,45,1735
Yukiko Kreamer,1737,Finance,NY,7396,20,1332
Nena Kensinger,1738,Finance,NY,8534,41,1610
Lemaster Amber,1739,Purchasing,LA,9504,26,991
Melvina Margret,1740,Sales,CA,9939,39,1077
Melissia Reighard,1741,Accounts,WA,3537,45,922
Durio Phylicia,1742,Marketing,CA,1262,31,1435
Lonergan Recalde,1743,Accounts,CA,7045,34,839
Hanh Tyree,1744,HR,CA,1093,47,635
Hallie Vivan,1745,Finance,LA,4771,38,728
Coogan Zollner,1746,Sales,LA,2988,45,1481
Charlie Debroah,1747,Marketing,WA,4882,35,1299
Gallman Fender,1748,Sales,CA,5314,30,1938
Zollner Tyree,1749,Marketing,LA,5665,42,1489
Tamra Nitz,1750,Purchasing,NY,4345,23,1255
Tamra Exie,1751,Purchasing,WA,8644,35,774
Grigg Richter,1752,Marketing,WA,3820,22,1379
Lisabeth Juliana,1753,Accounts,NY,3852,20,569
Reighard Locust,1754,Accounts,CA,1548,35,1753
Charlie Mcmillion,1755,HR,NY,9283,38,984
Toussaint Clune,1756,Purchasing,LA,4978,48,1318
Tenenbaum Leif,1757,Marketing,CA,1981,50,909
Katlyn Jere,1758,Sales,LA,8990,28,1085
Jacquelyne Soules,1759,Finance,LA,1503,21,1398
Vankirk Grigg,1760,Accounts,WA,9890,35,1762
Toussaint Grigg,1761,Purchasing,LA,2558,22,1775
Amber Ullery,1762,Purchasing,CA,9985,47,1408
Norene Nena,1763,Accounts,AK,2793,44,752
Zollner Hallie,1764,Marketing,LA,9776,31,1493
Tenenbaum Vivan,1765,HR,WA,3801,29,1060
Trena Margret,1766,Marketing,WA,9226,32,1180
Gilma Leonel,1767,Sales,LA,3344,40,1641
Vivan Jacquelyne,1768,Finance,WA,3669,28,1051
Drema Laub,1769,Accounts,AK,4101,34,766
Baros Georgeanna,1770,Finance,LA,5526,41,1799
Toussaint Gallman,1771,Sales,WA,8387,32,1348
Frisina Charlie,1772,Marketing,AK,3890,28,1807
Karie Recalde,1773,Sales,NY,5482,42,1470
Antonina Phylicia,1774,HR,AK,5184,22,1607
Clemencia Lisabeth,1775,Marketing,NY,9178,48,788
Lonergan Juliana,1776,Purchasing,WA,7327,33,795
Janey Cobian,1777,HR,CA,1710,38,952
Shandra Coogan,1778,Accounts,WA,2369,30,1592
Casimira Reighard,1779,Sales,CA,2902,30,1432
Margret Reardon,1780,Finance,NY,9677,47,567
Tyree Rudolph,1781,Marketing,CA,4957,37,1715
Leonel Jere,1782,Accounts,CA,5004,37,1445
Figueras Richter,1783,Marketing,WA,6199,20,1603
Phylicia Margret,1784,Marketing,AK,2740,38,1318
Tyree Vankirk,1785,Marketing,NY,6825,39,1134
Fender Mayeda,1786,Finance,WA,3540,39,1104
Antonina Yessenia,1787,Marketing,WA,4180,34,1508
Gilma Janine,1788,Purchasing,LA,8543,25,761
Jacquelyne Clemencia,1789,Accounts,AK,2173,49,914
Lisabeth Larry,1790,Marketing,WA,4949,31,1475
Tyree Jere,1791,Purchasing,CA,8886,46,597
Soules Bergren,1792,HR,LA,9453,37,911
Margret Imai,1793,Purchasing,AK,4121,46,1396
Janey Barringer,1794,Marketing,LA,1714,32,815
Dionne Fender,1795,HR,WA,4724,22,1070
Nakano Lemaster,1796,Purchasing,WA,8116,37,1496
Nitz Fender,1797,Purchasing,AK,7330,43,1648
Mayeda Trena,1798,Purchasing,AK,4511,28,1556
Yessenia Kall,1799,HR,CA,6656,49,1350
Richter Imai,1800,HR,WA,8106,50,1350
Juliana Recalde,1801,HR,LA,8425,35,1850
Drema Harrison,1802,HR,LA,2575,22,1217
Rudolph Nakano,1803,Sales,NY,5467,27,1078
Norene Mayeda,1804,Finance,CA,6499,41,936
Mckey Clune,1805,Accounts,WA,9436,48,1795
Lemaster Dynes,1806,Accounts,NY,5947,35,690
Lemaster Casimira,1807,Finance,AK,8257,47,1420
Nakano Durio,1808,Purchasing,LA,5060,39,1874
Yessenia Kreamer,1809,Purchasing,NY,3041,36,648
Casimira Ullery,1810,HR,CA,2467,49,584
Yessenia Antonio,1811,HR,LA,9650,46,806
Norene Fender,1812,Marketing,CA,4410,41,1241
Janey Nitz,1813,Sales,AK,1945,25,1273
Kall Tamra,1814,Finance,CA,6508,28,1858
Antonina Ilana,1815,Finance,NY,2944,28,1718
Debroah Georgeanna,1816,Accounts,CA,1806,29,1031
Frisina Ilana,1817,Accounts,NY,2121,22,985
Exie Kreamer,1818,Marketing,LA,5343,30,786
Jere Vankirk,1819,Accounts,CA,6411,33,1797
Cobian Ilana,1820,Sales,NY,4883,48,786
Vankirk Melissia,1821,Sales,CA,2548,42,790
Lisabeth Luisa,1822,Marketing,NY,1031,45,878
Recalde Ellingsworth,1823,Accounts,NY,4872,38,1052
Melvina Dionne,1824,HR,AK,8229,48,999
Margret Larry,1825,Accounts,NY,9321,44,909
Kall Ellingsworth,1826,HR,WA,2998,50,1759
Laub Antonina,1827,Sales,LA,1117,31,1916
Clemencia Nakano,1828,Sales,LA,8092,37,1219
Megan Fender,1829,Accounts,WA,6741,47,1478
Yukiko Byrge,1830,HR,AK,1500,43,1820
Karie Casimira,1831,Finance,LA,5057,23,949
Katlyn Ruzicka,1832,Marketing,LA,6558,32,911
Dionne Vivan,1833,Sales,WA,6132,27,1434
Leif Yukiko,1834,Sales,NY,3323,27,705
Tamra Larry,1835,Finance,CA,6327,23,1681
Laub Lonergan,1836,Marketing,WA,5446,37,676
Kall Lemaster,1837,Sales,AK,9856,37,1365
Escoto Georgeanna,1838,Finance,WA,9220,32,1899
Casimira Laub,1839,Finance,AK,3779,47,1582
Kall Stanford,1840,Purchasing,LA,9323,33,1781
Zollner Leonel,1841,Purchasing,NY,4665,41,1977
Karie Fender,1842,Marketing,LA,4286,26,1644
Lemaster Melvina,1843,Marketing,AK,3983,34,1798
Reighard Exie,1844,HR,WA,6011,48,510
Stanford Luisa,1845,Finance,NY,8499,47,595
Rudolph Locust,1846,Accounts,NY,7909,36,1731
Ellingsworth Harrison,1847,Purchasing,CA,9764,22,1561
Laub Leif,1848,Marketing,LA,2290,26,1836
Lemaster Melissia,1849,Purchasing,CA,6235,42,1279
Nitz Ullery,1850,Accounts,AK,8824,30,1743
Clune Juliana,1851,Accounts,AK,1463,44,950
Amber Reighard,1852,Sales,CA,9545,32,1336
Vivan Mckey,1853,HR,NY,6101,44,1084
Kensinger Benz,1854,Finance,NY,7739,28,611
Larry Megan,1855,Purchasing,WA,2273,25,1438
Ullery Frisina,1856,Marketing,AK,6899,38,941
Marvis Mcmillion,1857,Accounts,NY,7346,29,1362
Jere Shandra,1858,Marketing,WA,9209,47,800
Stanford Nakano,1859,Finance,WA,5864,35,1212
Cobian Bergren,1860,Marketing,AK,1707,25,1691
Frisina Phylicia,1861,HR,NY,3314,26,1434
Harrison Ellingsworth,1862,Sales,NY,1200,31,1120
Coogan Kensinger,1863,Purchasing,NY,2612,22,1839
Soules Laub,1864,Accounts,NY,1782,25,625
Laub Juliana,1865,Purchasing,CA,7246,41,1070
Coogan Coogan,1866,Sales,NY,4185,25,1378
Nakano Jaclyn,1867,Marketing,AK,1579,42,515
Yessenia Kensinger,1868,Accounts,CA,6026,39,1628
Ilana Nakano,1869,HR,NY,9634,49,712
Melissia Locust,1870,HR,AK,6759,49,730
Janine Yessenia,1871,Accounts,NY,3996,26,1770
Gilma Bergren,1872,HR,NY,6663,24,974
Fender Phylicia,1873,Finance,AK,2321,28,600
Mayeda Kreamer,1874,HR,LA,5850,21,1914
Nitz Georgeanna,1875,Purchasing,AK,1504,44,740
Charlie Nena,1876,Purchasing,NY,8248,35,1075
Luisa Georgeanna,1877,Accounts,LA,5383,33,1137
Jere Nakano,1878,Finance,WA,4302,45,1885
Ellingsworth Norene,1879,Sales,AK,3940,41,1047
Melvina Rocha,1880,HR,WA,8628,46,1973
Antonio Dynes,1881,Purchasing,AK,2967,46,1618
Janine Toussaint,1882,HR,WA,9848,30,1980
Hanh Cobian,1883,Marketing,AK,9793,48,1410
Figueras Tenenbaum,1884,Sales,WA,3273,22,1037
Fender Coogan,1885,Finance,CA,3157,48,1512
Margret Larry,1886,Sales,CA,5409,36,982
Mayeda Ruzicka,1887,Accounts,NY,6896,39,1826
Marvis Louann,1888,Finance,AK,7203,39,1341
Coogan Leonel,1889,Purchasing,LA,3321,45,1941
Exie Dynes,1890,Purchasing,NY,6936,29,1366
Nena Coogan,1891,Marketing,NY,9240,42,1360
Lonergan Megan,1892,Sales,WA,1103,38,1147
Reardon Ilana,1893,HR,NY,4794,47,571
Dynes Laub,1894,HR,WA,3729,24,768
Mckey Jere,1895,Accounts,LA,5857,32,1020
Melissia Gilma,1896,Finance,LA,4455,25,1825
Suzanne Antonina,1897,HR,LA,7244,45,700
Norene Tenenbaum,1898,Marketing,AK,5124,40,717
Gallman Kensinger,1899,Accounts,WA,1688,38,752
Reardon Marvis,1900,Sales,CA,1598,45,1422
Figueras Laub,1901,HR,WA,1246,32,809
Vivan Stanford,1902,Marketing,CA,2289,30,724
Marvis Gallman,1903,HR,WA,2566,43,1393
Soules Fender,1904,Finance,AK,7540,39,1492
Dionne Marvis,1905,HR,WA,7259,32,1074
Larry Megan,1906,Accounts,CA,1166,32,906
Mayeda Baros,1907,Sales,CA,7247,28,1752
Bergren Figueras,1908,Finance,WA,3728,48,1708
Hanh Dedman,1909,Sales,AK,6067,36,1300
Mcmillion Kall,1910,Finance,WA,5882,46,1308
Rocha Leonel,1911,Marketing,AK,7612,47,1269
Frisina Leonel,1912,Purchasing,WA,8077,42,579
Ruzicka Phylicia,1913,Accounts,NY,1029,41,1132
Ellingsworth Byrge,1914,Finance,LA,3413,49,1060
Zollner Figueras,1915,Sales,AK,9674,49,1097
Juliana Nakano,1916,Finance,CA,8387,42,1012
Clune Frisina,1917,HR,CA,4086,36,1912
Nitz Grigg,1918,Sales,WA,7356,36,1770
Melvina Leonel,1919,Purchasing,CA,8405,25,1165
Mullan Phylicia,1920,Accounts,CA,3521,24,1903
Harrison Vankirk,1921,Finance,AK,5809,29,1659
Georgeanna Clune,1922,Marketing,AK,9043,45,979
Dionne Janey,1923,Purchasing,LA,1626,24,1050
Clemencia Yukiko,1924,Finance,LA,2511,33,1868
Byrge Herder,1925,Accounts,LA,2538,33,1585
Kensinger Louann,1926,Accounts,AK,4190,23,1325
Margret Tiffani,1927,Marketing,NY,4885,35,1795
Mcmillion Ellingsworth,1928,HR,WA,1476,43,1565
Ilana Janey,1929,Purchasing,AK,5630,40,1114
Barringer Mcmillion,1930,Accounts,CA,1477,48,609
Janine Louann,1931,Purchasing,CA,3214,23,673
Nakano Soules,1932,HR,WA,2127,42,1319
Luisa Janine,1933,Accounts,LA,4256,41,618
Louann Recalde,1934,Finance,AK,7189,44,945
Richter Bergren,1935,Finance,WA,8728,34,1398
Soules Suzanne,1936,Sales,AK,5631,40,854
Stanford Benz,1937,Sales,WA,2210,36,1374
Kensinger Nena,1938,HR,WA,4754,26,1603
Frisina Mayeda,1939,Finance,WA,3406,28,864
Larry Recalde,1940,Sales,NY,3065,29,830
Escoto Tiffani,1941,Finance,WA,8572,26,607
Figueras Vivan,1942,Accounts,LA,8431,27,1853
Debroah Richter,1943,Purchasing,WA,4187,38,510
Vankirk Imai,1944,Sales,AK,1805,26,992
Ullery Barringer,1945,Sales,AK,1418,48,780
Frisina Phylicia,1946,Accounts,NY,7579,45,618
Nena Figueras,1947,Accounts,WA,3616,36,2000
Lisabeth Ruzicka,1948,Sales,WA,7572,35,1888
Deandre Ruzicka,1949,HR,CA,8803,42,1373
Herder Reighard,1950,Purchasing,WA,6699,24,1099
Richter Larry,1951,Accounts,AK,8699,49,1789
Katlyn Megan,1952,Accounts,AK,8023,42,1272
Escoto Georgeanna,1953,Marketing,CA,7864,34,1278
Kreamer Vivan,1954,HR,LA,1205,41,1192
Debroah Lonergan,1955,Accounts,CA,8566,40,1838
Vankirk Suzanne,1956,Purchasing,AK,8647,20,685
Kensinger Antonina,1957,Finance,AK,1093,34,1653
Coogan Larry,1958,Sales,NY,3964,48,537
Gallman Richter,1959,HR,CA,4061,23,512
Yukiko Ellingsworth,1960,Accounts,NY,9065,49,1140
Soules Melissia,1961,Marketing,CA,3593,39,1399
Debroah Clemencia,1962,Sales,LA,5839,24,1285
Rocha Janine,1963,Finance,LA,4827,38,1246
Melvina Antonio,1964,Purchasing,WA,1568,41,647
Marvis Hanh,1965,Purchasing,CA,1892,48,1202
Luisa Nakano,1966,Sales,NY,4124,25,1517
Nena Phylicia,1967,Purchasing,AK,2778,29,1718
Jacquelyne Tenenbaum,1968,Sales,NY,9159,26,906
Coogan Katlyn,1969,Purchasing,WA,1269,43,563
Vivan Clemencia,1970,Accounts,WA,3421,48,895
Vivan Mcmillion,1971,Marketing,CA,6019,45,1320
Marvis Villela,1972,Sales,AK,6355,49,1351
Coogan Margret,1973,Marketing,NY,5980,32,1241
Nitz Juliana,1974,Accounts,AK,5465,28,1509
Tamra Trena,1975,Sales,CA,4158,39,715
Gilma Hanh,1976,Accounts,LA,8510,38,1274
Leif Herder,1977,Accounts,AK,9266,48,1225
Stanford Clemencia,1978,Finance,LA,2350,46,1481
Coogan Villela,1979,Sales,LA,4580,45,663
Dionne Kall,1980,HR,LA,1013,34,1405
Louann Kreamer,1981,Purchasing,LA,3083,50,1501
Clemencia Zollner,1982,Accounts,LA,7452,34,1136
Kreamer Toussaint,1983,Purchasing,WA,9858,45,715
Kensinger Figueras,1984,Accounts,WA,3629,30,585
Jacquelyne Mullan,1985,Sales,NY,2030,39,1866
Sifford Shandra,1986,Finance,CA,1825,48,1700
Coogan Layla,1987,Finance,LA,6142,47,1620
Imai Exie,1988,Marketing,NY,8567,29,1493
Toussaint Cobian,1989,Sales,CA,7145,22,1520
Cobian Bergren,1990,HR,CA,7523,42,1156
Barringer Mullan,1991,Purchasing,CA,2569,48,993
Vivan Kensinger,1992,Marketing,CA,3652,50,1558
Leonel Tenenbaum,1993,HR,CA,7825,33,955
Melvina Clemencia,1994,Sales,AK,4470,45,1357
Dionne Sifford,1995,Sales,WA,6647,35,984
Megan Coogan,1996,Sales,NY,8260,33,1938
Jacquelyne Barringer,1997,Finance,CA,9899,22,837
Casimira Ruzicka,1998,Accounts,NY,2661,43,1128
Dionne Gilma,1999,HR,LA,8389,50,1829